method,L,K0,K1,n_pairs,mean_cost_squared,mean_relative_cost_gap,mean_transport_ms_mean,mean_identity_color_sw2,mean_identity_color_w2,mean_color_sw2,mean_color_w2,mean_guided_color_sw2,mean_guided_color_w2,mean_delta_color_sw2_to_mw2,median_delta_color_sw2_to_mw2,wins_delta_color_sw2_to_mw2,mean_delta_color_w2_to_mw2,median_delta_color_w2_to_mw2,wins_delta_color_w2_to_mw2,mean_delta_guided_color_sw2_to_mw2,median_delta_guided_color_sw2_to_mw2,wins_delta_guided_color_sw2_to_mw2,mean_delta_guided_color_w2_to_mw2,median_delta_guided_color_w2_to_mw2,wins_delta_guided_color_w2_to_mw2,mean_delta_color_w2_to_identity,median_delta_color_w2_to_identity,wins_delta_color_w2_to_identity
MW2,0,50,50,19,0.1449548991288718,0.0,303.33762221050023,0.19345900169174746,0.3639940047138571,0.013113984727600893,0.05908225794934053,0.036547372271397045,0.09585662194914336,0.0,0.0,0,0.0,0.0,0,0.0,0.0,0,0.0,0.0,0,-0.3049117467645166,-0.2849117911679821,19
LSOT-Mix,100,50,50,19,0.3061286991452885,1.37199320214198,5.451481052587999,0.19345900169174746,0.3639940047138571,0.1504405477454969,0.25528539028061237,0.1615555365167042,0.2721064253260739,0.137326563017896,0.13360384983996135,0,0.19620313233127182,0.20585887570446185,0,0.12500816424530714,0.12464646671798194,0,0.17624980337693053,0.17384765242687522,0,-0.10870861443324475,-0.06595386769127204,16
LSOT-SMix,100,50,50,19,0.2874395703289066,1.22476041469963,5.367796052675993,0.19345900169174746,0.3639940047138571,0.13874457219609307,0.23697720779127118,0.14815973345023492,0.2515466525369119,0.1256305874684922,0.1199793681905628,0,0.17789494984193066,0.18383225422737545,0,0.11161236117883788,0.11470352859398458,0,0.15569003058776848,0.15702668348794555,0,-0.1270167969225859,-0.08106278481789636,17
LSOT-B,100,50,50,19,0.20923786452653814,0.5523721958102563,12.477651473713387,0.19345900169174746,0.3639940047138571,0.07393168698064115,0.13605213132443744,0.08407964944651203,0.15431341182473854,0.06081770225304025,0.05750509027347424,0,0.07696987337509692,0.07369759165890873,0,0.04753227717511498,0.04139183288502777,0,0.05845678987559517,0.05841316534247046,0,-0.22794187338941965,-0.22234777920344018,19
LSOT-B1D,100,50,50,19,0.21811807626844823,0.6275183107473247,5.715944999864357,0.19345900169174746,0.3639940047138571,0.08169280356047319,0.1470784208410108,0.09104280774047444,0.16409292183252114,0.06857881883287231,0.06299332724202406,0,0.0879961628916703,0.084889000438708,0,0.05449543546907739,0.05376307137095645,0,0.06823629988337776,0.06537621701674057,0,-0.21691558387284632,-0.20539076448867058,19
min-LSOT-Mix,100,50,50,19,0.17710666717889703,0.26949897741371,5.68064552625832,0.19345900169174746,0.3639940047138571,0.027137929041320164,0.07807904525038815,0.05179972305364566,0.11646953221222524,0.01402394431371927,0.011293926723496247,0,0.018996787301047622,0.014780263017359387,2,0.015252350782248621,0.013849228990285803,0,0.020612910263081867,0.015100608968496236,2,-0.28591495946346895,-0.26094461183649303,19
min-LSOT-SMix,100,50,50,19,0.16583365025364513,0.1824024030759219,5.455774999853403,0.19345900169174746,0.3639940047138571,0.022038988798469206,0.07306144766267113,0.045473643870771505,0.10839703604418495,0.008925004070868311,0.005342173706600919,0,0.013979189713330599,0.00934401430666297,2,0.008926271599374463,0.006725807024026694,1,0.012540414095041575,0.00521855556462221,6,-0.290932557051186,-0.26376220739402423,19
min-LSOT-B,100,50,50,19,0.15750315105627832,0.11228413888463405,13.70853421040489,0.19345900169174746,0.3639940047138571,0.0211051511719162,0.0736843965867993,0.042982018250728816,0.10568386695520862,0.007991166444315306,0.003958884413092237,2,0.014602138637458783,0.006077483992487712,0,0.006434645979331777,0.0030740916432597104,5,0.009827245006065258,0.0028552529005135413,7,-0.2903096081270578,-0.26910655379357823,19
min-LSOT-B1D,100,50,50,19,0.15881074952687182,0.12225967083376069,5.581412052570637,0.19345900169174746,0.3639940047138571,0.021203774411049602,0.07301389791417554,0.04345084213058791,0.10699952224290452,0.008089789683448709,0.004643995195073027,1,0.013931639964835003,0.0074246889422574375,1,0.006903469859190872,0.003106484775628065,6,0.01114290029376114,0.0034335751111484597,6,-0.29098010679968156,-0.26439042860575696,19
min-opt-LSOT-Mix,100,50,50,19,0.15933398125840506,0.12769639993786988,38.0926756314406,0.19345900169174746,0.3639940047138571,0.021770181599730275,0.07274100016436848,0.044132391164283725,0.10669051120636841,0.008656196872129382,0.004633264471107347,2,0.013658742215027945,0.009268054216318204,1,0.007585018892886683,0.004576740519744313,5,0.010833889257225044,0.006924487735980367,7,-0.2912530045494886,-0.2618309097805035,19
min-opt-LSOT-SMix,100,50,50,19,0.15786642133793963,0.11538811565654405,33.73042894731713,0.19345900169174746,0.3639940047138571,0.020755402153324137,0.07151493330170425,0.04300617369350562,0.104862313656356,0.007641417425723246,0.005565931852596819,1,0.012432675352363715,0.0064266991634336496,0,0.006458801422108575,0.004921868489644918,2,0.009005691707212627,0.001571521843206497,7,-0.2924790714121529,-0.26622048231463485,19
min-opt-LSOT-B,100,50,50,19,0.15559686993661256,0.09664513754302097,54.19824063152957,0.19345900169174746,0.3639940047138571,0.02045441949862657,0.07174862482831039,0.042157550662260034,0.10411128378547818,0.0073404347710256754,0.0033436223904779686,1,0.012666366878969864,0.007365965584302227,0,0.005610178390862992,0.0022836765976105844,4,0.008254661836334819,0.0028292024226621443,7,-0.2922453798855467,-0.26932639941021835,19
min-opt-LSOT-B1D,100,50,50,19,0.15639279436849585,0.10126332358475747,32.47613110524502,0.19345900169174746,0.3639940047138571,0.020468103528733614,0.07112596061966474,0.04215685702696886,0.10469570114903598,0.00735411880113272,0.004112838122275975,2,0.012043702670324216,0.006145407248750255,2,0.005609484755571814,0.0015614449283101808,5,0.00883907919989261,0.0031212065001925277,7,-0.29286804409419237,-0.2714393349217433,19
