pair_index,pair_name,source_slug,target_slug,method,L,K0,K1,n_runs,cost_squared,relative_cost_gap,transport_ms_mean,identity_color_sw2,identity_color_w2,color_sw2,color_w2,guided_color_sw2,guided_color_w2,delta_color_sw2_to_mw2,delta_color_w2_to_mw2,delta_guided_color_sw2_to_mw2,delta_guided_color_w2_to_mw2,delta_color_w2_to_identity
0,pair_00_market-in-algiers__argenteuil-the-seine,market-in-algiers,argenteuil-the-seine,MW2,0,50,50,1,0.14869866172850665,0.0,1745.5741170001602,0.20121691434747294,0.398939656922493,0.011787200349207737,0.05987820690212374,0.02779531766260477,0.07792135794398436,0.0,0.0,0.0,0.0,-0.33906145002036925
0,pair_00_market-in-algiers__argenteuil-the-seine,market-in-algiers,argenteuil-the-seine,LSOT-Mix,100,50,50,1,0.3902182533696468,1.624221689917462,5.1219830002082745,0.20121691434747294,0.398939656922493,0.13482842290219177,0.2258101447101387,0.1524417843805867,0.2517690103708596,0.12304122255298403,0.16593193780801496,0.12464646671798194,0.17384765242687522,-0.17312951221235431
0,pair_00_market-in-algiers__argenteuil-the-seine,market-in-algiers,argenteuil-the-seine,LSOT-SMix,100,50,50,1,0.36330263745530095,1.4432139014042862,5.140449999998964,0.20121691434747294,0.398939656922493,0.13089548216059183,0.2209243808156149,0.14260284711486942,0.2349480414319299,0.11910828181138408,0.1610461739134912,0.11480752945226466,0.15702668348794555,-0.1780152761068781
0,pair_00_market-in-algiers__argenteuil-the-seine,market-in-algiers,argenteuil-the-seine,LSOT-B,100,50,50,1,0.25773916941511876,0.7332985140491565,12.190247000035015,0.20121691434747294,0.398939656922493,0.07564249713653526,0.13357579856103247,0.08307325102153613,0.14585186090102795,0.06385529678732751,0.07369759165890873,0.055277933358931365,0.06793050295704359,-0.26536385836146054
0,pair_00_market-in-algiers__argenteuil-the-seine,market-in-algiers,argenteuil-the-seine,LSOT-B1D,100,50,50,1,0.2772265283934498,0.8643511997411836,5.33892100020239,0.20121691434747294,0.398939656922493,0.08742306075359554,0.1508748647018646,0.0941474341439387,0.16132998190158127,0.0756358604043878,0.09099665779974085,0.06635211648133393,0.0834086239575969,-0.2480647922206284
0,pair_00_market-in-algiers__argenteuil-the-seine,market-in-algiers,argenteuil-the-seine,min-LSOT-Mix,100,50,50,1,0.20236634850911997,0.36091573492839857,5.241598999873531,0.20121691434747294,0.398939656922493,0.021835510846031,0.06736832806923138,0.04446987043956308,0.09601154537715388,0.010048310496823264,0.007490121167107636,0.016674552776958312,0.01809018743316952,-0.3315713288532616
0,pair_00_market-in-algiers__argenteuil-the-seine,market-in-algiers,argenteuil-the-seine,min-LSOT-SMix,100,50,50,1,0.19826049302583157,0.3333038153888344,5.436714000097709,0.20121691434747294,0.398939656922493,0.01898556801193666,0.06466199448471,0.03761741437741833,0.08734194533115744,0.0071983676627289245,0.004783787582586255,0.009822096714813558,0.00942058738717308,-0.334277662437783
0,pair_00_market-in-algiers__argenteuil-the-seine,market-in-algiers,argenteuil-the-seine,min-LSOT-B,100,50,50,1,0.17211786130477183,0.15749435337235143,12.265879000096902,0.20121691434747294,0.398939656922493,0.015746084762299974,0.06372361824014687,0.03167947917670584,0.08150112239801886,0.003958884413092237,0.0038454113380231303,0.0038841615141010713,0.0035797644540345036,-0.3352160386823461
0,pair_00_market-in-algiers__argenteuil-the-seine,market-in-algiers,argenteuil-the-seine,min-LSOT-B1D,100,50,50,1,0.17771722388692848,0.19515012321633257,5.110947000048327,0.20121691434747294,0.398939656922493,0.01948009781129059,0.06730289584438118,0.03361374932847619,0.08682695882801644,0.007692897462082852,0.0074246889422574375,0.005818431665871419,0.008905600884032083,-0.3316367610781118
0,pair_00_market-in-algiers__argenteuil-the-seine,market-in-algiers,argenteuil-the-seine,min-opt-LSOT-Mix,100,50,50,1,0.19152247164452035,0.28799055363525206,34.04805899981511,0.20121691434747294,0.398939656922493,0.020889743511243872,0.0681301506520717,0.03781851042173385,0.08842382516028156,0.009102543162036136,0.008251943749947963,0.01002319275912908,0.010502467216297204,-0.33080950627042127
0,pair_00_market-in-algiers__argenteuil-the-seine,market-in-algiers,argenteuil-the-seine,min-opt-LSOT-SMix,100,50,50,1,0.1795064407422985,0.20718262461595344,31.956373999946663,0.20121691434747294,0.398939656922493,0.01845589004185559,0.06630490606555739,0.034274938556618534,0.08675146805787386,0.006668689692647854,0.0064266991634336496,0.006479620894013764,0.008830110113889497,-0.3326347508569356
0,pair_00_market-in-algiers__argenteuil-the-seine,market-in-algiers,argenteuil-the-seine,min-opt-LSOT-B,100,50,50,1,0.17053338264294507,0.1468387183894375,57.48301900030128,0.20121691434747294,0.398939656922493,0.016513988227305144,0.06619607610698106,0.03223551776668369,0.08250842772727086,0.004726787878097407,0.006317869204857315,0.004440200104078917,0.004587069783286504,-0.3327435808155119
0,pair_00_market-in-algiers__argenteuil-the-seine,market-in-algiers,argenteuil-the-seine,min-opt-LSOT-B1D,100,50,50,1,0.17029805664368272,0.1452561486707402,31.11403999992035,0.20121691434747294,0.398939656922493,0.01590003847148371,0.06187015095764306,0.030993514349234124,0.08159080858028539,0.004112838122275975,0.0019919440555193207,0.0031981966866293544,0.0036694506363010304,-0.33706950596484997
2,pair_02_fuji-mountains-in-clear-weather-1831__distant-view-of-the-pyramids-1921,fuji-mountains-in-clear-weather-1831,distant-view-of-the-pyramids-1921,MW2,0,50,50,1,0.2578280016468468,0.0,59.867367999686394,0.286308357541241,0.509639573339406,0.01766771164288817,0.06018670669807362,0.04017415004684646,0.08148007333838085,0.0,0.0,0.0,0.0,-0.4494528666413324
2,pair_02_fuji-mountains-in-clear-weather-1831__distant-view-of-the-pyramids-1921,fuji-mountains-in-clear-weather-1831,distant-view-of-the-pyramids-1921,LSOT-Mix,100,50,50,1,0.41585465359459983,0.6129150089919476,6.16024800001469,0.286308357541241,0.509639573339406,0.11572930551897657,0.18529652076949785,0.1330449766076036,0.20770191116068992,0.0980615938760884,0.12510981407142424,0.09287082656075712,0.12622183782230906,-0.32434305256990814
2,pair_02_fuji-mountains-in-clear-weather-1831__distant-view-of-the-pyramids-1921,fuji-mountains-in-clear-weather-1831,distant-view-of-the-pyramids-1921,LSOT-SMix,100,50,50,1,0.39243782389044574,0.5220915547721507,5.273791000035999,0.286308357541241,0.509639573339406,0.11005976964799481,0.17395485191569426,0.12437651430658542,0.1925725730551033,0.09239205800510664,0.11376814521762064,0.08420236425973895,0.11109249971672246,-0.33568472142371175
2,pair_02_fuji-mountains-in-clear-weather-1831__distant-view-of-the-pyramids-1921,fuji-mountains-in-clear-weather-1831,distant-view-of-the-pyramids-1921,LSOT-B,100,50,50,1,0.3185978573117664,0.23569920752113446,15.907605000393232,0.286308357541241,0.509639573339406,0.06851023011769686,0.10650040637392548,0.0792110021952995,0.12221909345236796,0.05084251847480869,0.04631369967585186,0.03903685214845304,0.04073902011398711,-0.4031391669654805
2,pair_02_fuji-mountains-in-clear-weather-1831__distant-view-of-the-pyramids-1921,fuji-mountains-in-clear-weather-1831,distant-view-of-the-pyramids-1921,LSOT-B1D,100,50,50,1,0.32622100480883626,0.2652660018506018,6.3139789999695495,0.286308357541241,0.509639573339406,0.07473574937963602,0.11599193219867789,0.08463825405159373,0.1304300051730932,0.05706803773674785,0.055805225500604266,0.04446410400474726,0.04894993183471234,-0.39364764114072814
2,pair_02_fuji-mountains-in-clear-weather-1831__distant-view-of-the-pyramids-1921,fuji-mountains-in-clear-weather-1831,distant-view-of-the-pyramids-1921,min-LSOT-Mix,100,50,50,1,0.3157410156923949,0.22461879111514385,6.935580000117625,0.286308357541241,0.509639573339406,0.024651387671680656,0.06697783942314028,0.04311692876890585,0.07714169637697815,0.006983676028792487,0.006791132725066665,0.0029427787220593846,-0.0043383769614026985,-0.44266173391626573
2,pair_02_fuji-mountains-in-clear-weather-1831__distant-view-of-the-pyramids-1921,fuji-mountains-in-clear-weather-1831,distant-view-of-the-pyramids-1921,min-LSOT-SMix,100,50,50,1,0.2891729515383335,0.12157310180148935,6.33261599978141,0.286308357541241,0.509639573339406,0.01866464299599939,0.06326888276060497,0.04268795257403974,0.06868052378944223,0.0009969313531112203,0.003082176062531347,0.0025138025271932776,-0.012799549548938624,-0.4463706905788011
2,pair_02_fuji-mountains-in-clear-weather-1831__distant-view-of-the-pyramids-1921,fuji-mountains-in-clear-weather-1831,distant-view-of-the-pyramids-1921,min-LSOT-B,100,50,50,1,0.2763308869928624,0.07176445237844808,14.480762999937724,0.286308357541241,0.509639573339406,0.017563479413136733,0.06330069274324993,0.039204123601804454,0.07340399893539096,-0.00010423222975143587,0.0031139860451763063,-0.000970026445042009,-0.008076074402989894,-0.4463388805961561
2,pair_02_fuji-mountains-in-clear-weather-1831__distant-view-of-the-pyramids-1921,fuji-mountains-in-clear-weather-1831,distant-view-of-the-pyramids-1921,min-LSOT-B1D,100,50,50,1,0.27737696193127276,0.07582171121662189,5.4525770001419005,0.286308357541241,0.509639573339406,0.01806990704991533,0.06344501966511534,0.03998579865598716,0.08249318094440462,0.00040219540702715953,0.003258312967041724,-0.00018835139085929958,0.001013107606023772,-0.4461945536742907
2,pair_02_fuji-mountains-in-clear-weather-1831__distant-view-of-the-pyramids-1921,fuji-mountains-in-clear-weather-1831,distant-view-of-the-pyramids-1921,min-opt-LSOT-Mix,100,50,50,1,0.27722139164958964,0.07521832337399258,35.13281499999721,0.286308357541241,0.509639573339406,0.017076026567831238,0.06309220986854189,0.038962994448086916,0.07094091180291237,-0.0005916850750569309,0.0029055031704682682,-0.0012111555987595474,-0.01053916153546848,-0.4465473634708641
2,pair_02_fuji-mountains-in-clear-weather-1831__distant-view-of-the-pyramids-1921,fuji-mountains-in-clear-weather-1831,distant-view-of-the-pyramids-1921,min-opt-LSOT-SMix,100,50,50,1,0.2771584255369678,0.07497410586379329,34.871563000251626,0.286308357541241,0.509639573339406,0.017104483440288164,0.06442856272001425,0.03841310025965599,0.07090647753674749,-0.0005632282026000052,0.004241856021940632,-0.0017610497871904732,-0.010573595801633362,-0.4452110106193918
2,pair_02_fuji-mountains-in-clear-weather-1831__distant-view-of-the-pyramids-1921,fuji-mountains-in-clear-weather-1831,distant-view-of-the-pyramids-1921,min-opt-LSOT-B,100,50,50,1,0.2747739729964459,0.06572587632591738,54.99372099984612,0.286308357541241,0.509639573339406,0.01752086563919149,0.06097779289094596,0.03960984369220878,0.0750080154195411,-0.00014684600369667747,0.0007910861928723395,-0.0005643063546376809,-0.0064720579188397576,-0.44866178044846006
2,pair_02_fuji-mountains-in-clear-weather-1831__distant-view-of-the-pyramids-1921,fuji-mountains-in-clear-weather-1831,distant-view-of-the-pyramids-1921,min-opt-LSOT-B1D,100,50,50,1,0.27525333854781675,0.06758512182411368,31.46596500027954,0.286308357541241,0.509639573339406,0.016298540001979007,0.05955853413703946,0.03914148462813709,0.08033693594912347,-0.0013691716409091614,-0.0006281725610341599,-0.0010326654187093748,-0.0011431373892573787,-0.45008103920236653
3,pair_03_breakup-of-ice__senecio-1922,breakup-of-ice,senecio-1922,MW2,0,50,50,1,0.16628078842672472,0.0,46.25677300009556,0.22373687182562407,0.3962009614393231,0.014691056535080462,0.05476658589509666,0.03650335797551461,0.0789172921113601,0.0,0.0,0.0,0.0,-0.34143437554422645
3,pair_03_breakup-of-ice__senecio-1922,breakup-of-ice,senecio-1922,LSOT-Mix,100,50,50,1,0.2796397935568067,0.6817324250301837,5.011190999994142,0.22373687182562407,0.3962009614393231,0.1831768128001073,0.3178021040128499,0.18893907578263947,0.3274843723129393,0.16848575626502685,0.2630355181177533,0.15243571780712487,0.2485670802015792,-0.07839885742647318
3,pair_03_breakup-of-ice__senecio-1922,breakup-of-ice,senecio-1922,LSOT-SMix,100,50,50,1,0.27405450990027436,0.6481429544161831,5.322407000221574,0.22373687182562407,0.3962009614393231,0.17718586241200682,0.3060994843329323,0.18266423653758027,0.316566113695498,0.16249480587692636,0.2513328984378357,0.14616087856206567,0.23764882158413786,-0.09010147710639077
3,pair_03_breakup-of-ice__senecio-1922,breakup-of-ice,senecio-1922,LSOT-B,100,50,50,1,0.2026051651168351,0.21845203546239805,12.621288999980607,0.22373687182562407,0.3962009614393231,0.06767180380580051,0.11792973335228979,0.07789519086054238,0.1375193842217585,0.05298074727072005,0.06316314745719312,0.04139183288502777,0.05860209211039839,-0.2782712280870333
3,pair_03_breakup-of-ice__senecio-1922,breakup-of-ice,senecio-1922,LSOT-B1D,100,50,50,1,0.21189604384811134,0.2743266726900803,5.774709999968763,0.22373687182562407,0.3962009614393231,0.08154699909247579,0.13925223937770304,0.09026642934647106,0.15704372986117018,0.06685594255739533,0.08448565348260637,0.05376307137095645,0.07812643774981008,-0.25694872206162006
3,pair_03_breakup-of-ice__senecio-1922,breakup-of-ice,senecio-1922,min-LSOT-Mix,100,50,50,1,0.18521689068861566,0.11388027709668663,5.491154000083043,0.22373687182562407,0.3962009614393231,0.030612701811570206,0.07982490818276834,0.045140722492221785,0.09034759403815831,0.015921645276489746,0.02505832228767168,0.008637364516707179,0.011430301926798211,-0.31637605325655477
3,pair_03_breakup-of-ice__senecio-1922,breakup-of-ice,senecio-1922,min-LSOT-SMix,100,50,50,1,0.17513610951120076,0.05325522670574976,5.527177000203665,0.22373687182562407,0.3962009614393231,0.026092324877280023,0.07791512568880163,0.0444938453326889,0.08803202516266628,0.011401268342199561,0.023148539793704966,0.007990487357174295,0.009114733051306181,-0.3182858357505215
3,pair_03_breakup-of-ice__senecio-1922,breakup-of-ice,senecio-1922,min-LSOT-B,100,50,50,1,0.16849333125577018,0.013306064097840508,12.74451900007989,0.22373687182562407,0.3962009614393231,0.01729826648647038,0.060844069887584375,0.0381104352525782,0.08211854710737548,0.002607209951389919,0.006077483992487712,0.0016070772770635927,0.003201254996015382,-0.3353568915517387
3,pair_03_breakup-of-ice__senecio-1922,breakup-of-ice,senecio-1922,min-LSOT-B1D,100,50,50,1,0.16874288330138545,0.014806851097808613,6.05724300021393,0.22373687182562407,0.3962009614393231,0.01933505173015349,0.06618069182650921,0.0398178779358592,0.08425608544099975,0.004643995195073027,0.011414105931412545,0.0033145199603445905,0.005338793329639643,-0.3300202696128139
3,pair_03_breakup-of-ice__senecio-1922,breakup-of-ice,senecio-1922,min-opt-LSOT-Mix,100,50,50,1,0.16883506029828674,0.015361196538273631,37.37677899971459,0.22373687182562407,0.3962009614393231,0.01928819714537578,0.06892790254792522,0.04178203733726606,0.08584177984734047,0.004597140610295319,0.014161316652828555,0.005278679361751457,0.006924487735980367,-0.3272730588913979
3,pair_03_breakup-of-ice__senecio-1922,breakup-of-ice,senecio-1922,min-opt-LSOT-SMix,100,50,50,1,0.16871187592362305,0.014620375089029834,30.00119900025311,0.22373687182562407,0.3962009614393231,0.021863975709184105,0.07229051862201712,0.04211150444053512,0.0871672449977824,0.007172919174103643,0.017523932726920453,0.0056081464650205165,0.008249952886422302,-0.32391044281730597
3,pair_03_breakup-of-ice__senecio-1922,breakup-of-ice,senecio-1922,min-opt-LSOT-B,100,50,50,1,0.16811326277535957,0.011020361197303102,56.19076999983008,0.22373687182562407,0.3962009614393231,0.016718948243205578,0.06015380980504901,0.03790159107268935,0.08235609415973152,0.0020278917081251163,0.005387223909952346,0.0013982330971747461,0.0034388020483714227,-0.33604715163427407
3,pair_03_breakup-of-ice__senecio-1922,breakup-of-ice,senecio-1922,min-opt-LSOT-B1D,100,50,50,1,0.1683523567354013,0.012458254066972157,34.08769599991501,0.22373687182562407,0.3962009614393231,0.016973541584533364,0.0625161736561578,0.03806480290382479,0.08244730148350167,0.0022824850494529026,0.00774958776106114,0.0015614449283101808,0.003530009372141568,-0.3336847877831653
5,pair_05_haystacks-at-giverny__argenteuil,haystacks-at-giverny,argenteuil,MW2,0,50,50,1,0.19646412955513598,0.0,54.263763000108156,0.24639504440390145,0.41593397228438694,0.013016473570954014,0.04881350139623888,0.034930661092666994,0.07150870215268164,0.0,0.0,0.0,0.0,-0.3671204708881481
5,pair_05_haystacks-at-giverny__argenteuil,haystacks-at-giverny,argenteuil,LSOT-Mix,100,50,50,1,0.346391898959135,0.7631304999212241,5.418788000042696,0.24639504440390145,0.41593397228438694,0.12177617727141823,0.19278549167714804,0.13461037146029745,0.20891564687577518,0.10875970370046423,0.14397199028090915,0.09967971036763046,0.13740694472309356,-0.2231484806072389
5,pair_05_haystacks-at-giverny__argenteuil,haystacks-at-giverny,argenteuil,LSOT-SMix,100,50,50,1,0.3178216890275824,0.6177084832088315,5.967682000118657,0.24639504440390145,0.41593397228438694,0.10502552006914975,0.168553598760128,0.11734347410524502,0.18333459760248405,0.09200904649819575,0.1197400973638891,0.08241281301257802,0.11182589544980241,-0.24738037352425896
5,pair_05_haystacks-at-giverny__argenteuil,haystacks-at-giverny,argenteuil,LSOT-B,100,50,50,1,0.2538009985344591,0.2918439570070831,11.825362999843492,0.24639504440390145,0.41593397228438694,0.05758785071184713,0.09483736433332135,0.07003804572514563,0.1131503039410359,0.04457137714089312,0.04602386293708247,0.03510738463247864,0.04164160178835426,-0.3210966079510656
5,pair_05_haystacks-at-giverny__argenteuil,haystacks-at-giverny,argenteuil,LSOT-B1D,100,50,50,1,0.26121948126112077,0.32960394272793575,5.2184849996592675,0.24639504440390145,0.41593397228438694,0.06486807715274041,0.1030488220334033,0.07569541412111302,0.12014274389509327,0.0518516035817864,0.05423532063716443,0.04076475302844603,0.048634041742411635,-0.3128851502509836
5,pair_05_haystacks-at-giverny__argenteuil,haystacks-at-giverny,argenteuil,min-LSOT-Mix,100,50,50,1,0.21769742043075013,0.1080771890710727,5.4900820000511885,0.24639504440390145,0.41593397228438694,0.01543210606594601,0.04857114648029821,0.04169697264947548,0.07542554717331981,0.002415632494991996,-0.00024235491594066377,0.006766311556808485,0.003916845020638174,-0.36736282580408874
5,pair_05_haystacks-at-giverny__argenteuil,haystacks-at-giverny,argenteuil,min-LSOT-SMix,100,50,50,1,0.21007751213677656,0.06929194969313773,5.448942999919382,0.24639504440390145,0.41593397228438694,0.014592567511170678,0.05005430898337609,0.035277443584880816,0.06967565640888142,0.0015760939402166638,0.0012408075871372104,0.0003467824922138221,-0.0018330457438002212,-0.36587966330101085
5,pair_05_haystacks-at-giverny__argenteuil,haystacks-at-giverny,argenteuil,min-LSOT-B,100,50,50,1,0.20492069712064467,0.04304382476667543,12.783848000253784,0.24639504440390145,0.41593397228438694,0.013546253380344549,0.055039496387430546,0.03318316012811177,0.06889055053468823,0.0005297798093905348,0.006225994991191669,-0.0017475009645552264,-0.0026181516179934056,-0.3608944758969564
5,pair_05_haystacks-at-giverny__argenteuil,haystacks-at-giverny,argenteuil,min-LSOT-B1D,100,50,50,1,0.20516357916412187,0.044280091376906854,5.248839000159933,0.24639504440390145,0.41593397228438694,0.013834760387093373,0.05195353323154653,0.03420777328756447,0.06916095761731048,0.0008182868161393589,0.003140031835307651,-0.0007228878051025248,-0.002347744535371163,-0.3639804390528404
5,pair_05_haystacks-at-giverny__argenteuil,haystacks-at-giverny,argenteuil,min-opt-LSOT-Mix,100,50,50,1,0.20643858689279423,0.050769865014259556,38.55915699978141,0.24639504440390145,0.41593397228438694,0.01314884614227571,0.05109535515679768,0.03429043456320167,0.06779760947639324,0.00013237257132169694,0.002281853760558804,-0.0006402265294653264,-0.0037110926762883995,-0.36483861712758925
5,pair_05_haystacks-at-giverny__argenteuil,haystacks-at-giverny,argenteuil,min-opt-LSOT-SMix,100,50,50,1,0.20679844022510985,0.05260151404418908,32.80466600017462,0.24639504440390145,0.41593397228438694,0.014663744884173704,0.050294788687757754,0.035235350573833694,0.06937827959585784,0.0016472713132196903,0.0014812872915188763,0.0003046894811667006,-0.002130422556823802,-0.36563918359662917
5,pair_05_haystacks-at-giverny__argenteuil,haystacks-at-giverny,argenteuil,min-opt-LSOT-B,100,50,50,1,0.2038515773947569,0.03760201852800664,51.3058890001048,0.24639504440390145,0.41593397228438694,0.01359150172700739,0.056179466980541104,0.033117333534119865,0.0689515644850496,0.0005750281560533768,0.007365965584302227,-0.0018133275585471287,-0.002557137667632034,-0.35975450530384584
5,pair_05_haystacks-at-giverny__argenteuil,haystacks-at-giverny,argenteuil,min-opt-LSOT-B1D,100,50,50,1,0.20381497007107063,0.037415687701258984,37.586801999623276,0.24639504440390145,0.41593397228438694,0.013832824665712631,0.052096367302591345,0.03418440500977752,0.06948915713073123,0.0008163510947586175,0.003282865906352468,-0.0007462560828894738,-0.0020195450219504113,-0.3638376049817956
14,pair_14_red-vineyards-at-arles-1888__the-seine-at-vetheuil,red-vineyards-at-arles-1888,the-seine-at-vetheuil,MW2,0,50,50,1,0.10381750662077313,0.0,43.27097800023694,0.16404645434628504,0.3048384138746715,0.007081718452954511,0.047297992765905496,0.047070629518044645,0.11387066191170891,0.0,0.0,0.0,0.0,-0.25754042110876596
14,pair_14_red-vineyards-at-arles-1888__the-seine-at-vetheuil,red-vineyards-at-arles-1888,the-seine-at-vetheuil,LSOT-Mix,100,50,50,1,0.2690933667578984,1.5919844881350174,6.586327999684727,0.16404645434628504,0.3048384138746715,0.17754773754317643,0.3068723976461909,0.18374094665081867,0.3177825187896242,0.1704660190902219,0.2595744048802854,0.13667031713277403,0.2039118568779153,0.002033983771519421
14,pair_14_red-vineyards-at-arles-1888__the-seine-at-vetheuil,red-vineyards-at-arles-1888,the-seine-at-vetheuil,LSOT-SMix,100,50,50,1,0.24691690423923202,1.3783744406535934,7.179999000072712,0.16404645434628504,0.3048384138746715,0.15411630029482076,0.26828142561575846,0.16204778892298832,0.28311796671989986,0.14703458184186624,0.22098343284985297,0.11497715940494369,0.16924730480819095,-0.036556988258913015
14,pair_14_red-vineyards-at-arles-1888__the-seine-at-vetheuil,red-vineyards-at-arles-1888,the-seine-at-vetheuil,LSOT-B,100,50,50,1,0.16414715045569928,0.5811124327547144,12.260690999937651,0.16404645434628504,0.3048384138746715,0.06458680872642875,0.1241578859298511,0.08599569474305126,0.164199299624921,0.05750509027347424,0.07685989316394559,0.03892506522500661,0.05032863771321208,-0.18068052794482037
14,pair_14_red-vineyards-at-arles-1888__the-seine-at-vetheuil,red-vineyards-at-arles-1888,the-seine-at-vetheuil,LSOT-B1D,100,50,50,1,0.16981668878394351,0.6357230520306526,4.895651999959227,0.16404645434628504,0.3048384138746715,0.07004994331321183,0.1321869932046135,0.09069266905273071,0.17095071620733923,0.06296822486025733,0.084889000438708,0.04362203953468607,0.05708005429563032,-0.17265142067005798
14,pair_14_red-vineyards-at-arles-1888__the-seine-at-vetheuil,red-vineyards-at-arles-1888,the-seine-at-vetheuil,min-LSOT-Mix,100,50,50,1,0.11505480729462483,0.10824090309642632,5.435802999727457,0.16404645434628504,0.3048384138746715,0.0118548417145053,0.0470911235130494,0.047190850416616144,0.11224754577636828,0.0047731232615507895,-0.0002068692528560956,0.0001202208985714992,-0.0016231161353406354,-0.2577472903616221
14,pair_14_red-vineyards-at-arles-1888__the-seine-at-vetheuil,red-vineyards-at-arles-1888,the-seine-at-vetheuil,min-LSOT-SMix,100,50,50,1,0.1105537574569828,0.06488550009986269,5.61552599992865,0.16404645434628504,0.3048384138746715,0.00965268807331855,0.04706207322237573,0.046674865737675535,0.11171504232882182,0.00257096962036404,-0.00023591954352976396,-0.00039576378036911,-0.002155619582887097,-0.25777634065229577
14,pair_14_red-vineyards-at-arles-1888__the-seine-at-vetheuil,red-vineyards-at-arles-1888,the-seine-at-vetheuil,min-LSOT-B,100,50,50,1,0.10761428872176872,0.03657169416391933,11.828757999865047,0.16404645434628504,0.3048384138746715,0.007895491627027651,0.05002804844429048,0.04704315894594734,0.11173179916299958,0.0008137731740731407,0.002730055678384982,-2.747057209730175e-05,-0.002138862748709336,-0.254810365430381
14,pair_14_red-vineyards-at-arles-1888__the-seine-at-vetheuil,red-vineyards-at-arles-1888,the-seine-at-vetheuil,min-LSOT-B1D,100,50,50,1,0.10808463374600842,0.041102192338546,6.11802200000966,0.16404645434628504,0.3048384138746715,0.00836532767361056,0.046267458596803694,0.04619145518368022,0.11008490969918902,0.0012836092206560496,-0.0010305341691018016,-0.0008791743343644215,-0.003785752212519894,-0.2585709552778678
14,pair_14_red-vineyards-at-arles-1888__the-seine-at-vetheuil,red-vineyards-at-arles-1888,the-seine-at-vetheuil,min-opt-LSOT-Mix,100,50,50,1,0.10787354296378912,0.0390689053805922,39.11225599995305,0.16404645434628504,0.3048384138746715,0.008409934078177672,0.04690245402802918,0.04650501091772219,0.1106978172430892,0.0013282156252231612,-0.00039553873787631644,-0.0005656186003224553,-0.0031728446686197093,-0.2579359598466423
14,pair_14_red-vineyards-at-arles-1888__the-seine-at-vetheuil,red-vineyards-at-arles-1888,the-seine-at-vetheuil,min-opt-LSOT-SMix,100,50,50,1,0.10729676747810951,0.033513238475717785,37.061286000152904,0.16404645434628504,0.3048384138746715,0.008194848097027016,0.04829044975921779,0.046956529148048765,0.11176247742566552,0.0011131296440725054,0.0009924569933122962,-0.00011410036999588008,-0.002108184486043399,-0.25654796411545366
14,pair_14_red-vineyards-at-arles-1888__the-seine-at-vetheuil,red-vineyards-at-arles-1888,the-seine-at-vetheuil,min-opt-LSOT-B,100,50,50,1,0.1064867253141864,0.025710680022045348,56.80313200036835,0.16404645434628504,0.3048384138746715,0.007764393885931369,0.049191624786967356,0.04718854014276034,0.11194470028216758,0.0006826754329768581,0.0018936320210618598,0.00011791062471569469,-0.0019259616295413395,-0.2556467890877041
14,pair_14_red-vineyards-at-arles-1888__the-seine-at-vetheuil,red-vineyards-at-arles-1888,the-seine-at-vetheuil,min-opt-LSOT-B1D,100,50,50,1,0.10765516090332322,0.036965386739332494,29.85128000000259,0.16404645434628504,0.3048384138746715,0.008413315900898987,0.045177282911888376,0.04626331193903278,0.11013388472903139,0.0013315974479444761,-0.0021207098540171193,-0.0008073175790118681,-0.0037367771826775226,-0.2596611309627831
